AMBI,American Bittern,Botaurus lentiginosus,Heron,Both,Blue,0,0,0,0,0,0,0,0,0,0,0,0,0,0,0,#DIV/0!,,0,0,0,0,0,0,0,0,0,0,0,0
AMCO,American Coot,Fulica americana,Shorebird,Federal,Yellow,0,0,0,0,0,0,0,0,0,0,0,0,0,0,0,#DIV/0!,,0,0,0,0,0,0,0,0,0,0,0,0
AMDI,American Dipper,Cinclus mexicanus,Passerine,Federal,Yellow,0,0,0,0,0,0,1,0,0,0,0,0,0,0,1,0.00%,,1,0,0,0,0,0,0,0,0,0,0,0
AMGO,American Goldfinch ,Carduelis tristis,Passerine,Federal,Yellow,0,0,2,0,1,1,1,0,0,0,0,0,0,0,5,0.00%,,1,0,0,0,0,1,0,2,1,0,0,0
AMGP,American Golden-Plover,Pluvialis dominica,Shorebird,Both,Blue,0,0,0,0,0,0,0,0,0,0,0,0,0,0,0,#DIV/0!,,0,0,0,0,0,0,0,0,0,0,0,0
AMKE,American Kestrel,Falco sparverius,Raptor,Provincial,Yellow,0,0,0,0,0,0,1,0,0,1,0,0,0,0,2,50.00%,,1,0,0,0,0,0,1,0,0,0,0,0
AMPI,American Pipit,Anthus rubescens,Passerine,Federal,Yellow,0,0,0,0,0,0,0,0,0,0,0,0,0,0,0,#DIV/0!,,0,0,0,0,0,0,0,0,0,0,0,0
AMRO,American Robin,Turdus migratorius,Passerine,Federal,Yellow,0,1,4,11,8,14,46,14,0,41,3,0,0,0,142,30.99%,,1,0,4,12,34,34,32,5,3,7,7,3
AMWI,American Wigeon,Anas americana,Waterfowl,Federal,Yellow,0,0,0,0,0,0,0,0,0,0,0,0,0,0,0,#DIV/0!,,0,0,0,0,0,0,0,0,0,0,0,0
ANHU,Anna's Hummingbird,Calypte anna,Hummingbird,Federal,Yellow,0,1,4,12,25,18,21,12,0,9,11,0,0,0,113,17.70%,,14,5,6,14,22,20,17,2,4,2,3,4
ANMU,Ancient Murrelet,Synthliboramphus antiquus,Pelagic,Both,Blue,0,0,0,0,0,0,0,0,0,0,0,0,0,0,0,#DIV/0!,,0,0,0,0,0,0,0,0,0,0,0,0
ARTE,Arctic Tern,Sterna paradisaea,Gull,Federal,Yellow,0,0,0,0,0,0,0,0,0,0,0,0,0,0,0,#DIV/0!,,0,0,0,0,0,0,0,0,0,0,0,0
AUWA,Audubon's Warbler,Setophaga auduboni,Small insectivore,Federal,Yellow,0,0,0,0,1,0,0,0,0,0,0,0,0,0,1,0.00%,,0,0,0,1,0,0,0,0,0,0,0,0
BAEA,Bald Eagle,Haliaeetus leucocephalus,Raptor,Provincial,Yellow,0,0,0,1,0,1,0,2,0,5,0,0,0,0,9,55.56%,,3,1,2,0,1,0,1,0,0,1,0,0
BAGO,Barrow's Goldeneye,Bucephala islandica,Waterfowl,Federal,Yellow,0,0,0,0,0,0,0,0,0,0,0,0,0,0,0,#DIV/0!,,0,0,0,0,0,0,0,0,0,0,0,0
BANS,Bank Swallow,Riparia riparia,Small insectivore,Federal,Yellow,0,0,0,0,0,0,0,0,0,0,0,0,0,0,0,#DIV/0!,,0,0,0,0,0,0,0,0,0,0,0,0
BARS,Barn Swallow,Hirundo rustica,Small insectivore,Both,Blue,0,0,1,3,2,4,3,0,0,14,0,0,0,0,27,51.85%,,0,0,0,0,0,9,7,11,0,0,0,0
BBPL,Black-bellied Plover,Pluvialis squatarola,Shorebird,Federal,Yellow,0,0,0,0,0,0,0,0,0,0,0,0,0,0,0,#DIV/0!,,0,0,0,0,0,0,0,0,0,0,0,0
BDOW,Barred Owl,Strix varia,Owl,Provincial,Yellow,0,0,0,0,1,4,12,0,0,6,0,0,0,0,23,26.09%,,2,3,1,1,2,0,0,0,3,1,6,4
BEKI,Belted Kingfisher,Ceryle alcyon,Pelagic,Both,Yellow,0,0,0,0,0,2,2,0,0,0,0,0,0,0,4,0.00%,,0,0,0,0,0,0,1,1,2,0,0,0
BEWR,Bewick's Wren,Thryomanes bewickii,Small insectivore,Federal,Yellow,0,0,0,4,2,1,3,0,0,9,9,0,0,0,28,64.29%,,0,0,0,5,7,2,7,3,2,1,0,1
BHCO,Brown-headed Cowbird,Molothrus ater,Passerine,Both,Yellow,0,0,1,0,0,1,2,1,0,1,0,0,0,0,6,16.67%,,0,0,0,0,0,3,2,1,0,0,0,0
BHGR,Black-headed Grosbeak,Pheucticus melanocephalus,Passerine,Federal,Yellow,0,0,0,0,0,1,1,0,0,1,0,0,0,0,3,33.33%,,0,0,0,0,0,0,2,1,0,0,0,0
BIRD,Unidentified bird too young to ID,No ID,Bird,Both,,0,5,0,1,2,1,1,0,0,0,0,0,0,0,10,0.00%,,0,0,0,0,3,7,0,0,0,0,0,0
BLBR,Black Brant,Branta bernicla nigricans,Waterfowl,Both,Blue,0,0,0,0,0,0,0,0,0,0,0,0,0,0,0,#DIV/0!,,0,0,0,0,0,0,0,0,0,0,0,0
BLKI,Black-legged Kittiwake,Rissa tridactyla,Gull,Both,Red,0,0,0,0,0,0,0,0,0,0,0,0,0,0,0,#DIV/0!,,0,0,0,0,0,0,0,0,0,0,0,0
BLOY,Black Oystercatcher,Haematopus bachmani,Shorebird,Federal,Yellow,0,0,0,0,0,0,0,0,0,0,0,0,0,0,0,#DIV/0!,,0,0,0,0,0,0,0,0,0,0,0,0
BLSC,Black Scoter,Melanitta nigra,Pelagic,Both,Blue,0,0,0,0,0,0,0,0,0,0,0,0,0,0,0,#DIV/0!,,0,0,0,0,0,0,0,0,0,0,0,0
BLSW,Black Swift,Cypseloides niger,Small insectivore,Both,Blue,0,0,0,0,0,0,1,0,0,0,0,0,0,0,1,0.00%,,0,0,0,0,0,0,0,0,1,0,0,0
BLTU,Black Turnstone,Arenaria melanocephala,Shorebird,Federal,Yellow,0,0,0,0,0,0,0,0,0,0,0,0,0,0,0,#DIV/0!,,0,0,0,0,0,0,0,0,0,0,0,0
BNOW,Barn Owl,Tyto alba,Owl,Provincial,Red,0,0,0,0,0,0,0,0,0,0,0,0,0,0,0,#DIV/0!,,0,0,0,0,0,0,0,0,0,0,0,0
BOGU,Bonaparte's Gull,Larus philadelphia,Gull,Federal,Yellow,0,0,0,0,0,0,0,0,0,0,0,0,0,0,0,#DIV/0!,,0,0,0,0,0,0,0,0,0,0,0,0
BRAC,Brandt's Cormorant,Phalacrocorax penicillatus,Pelagic,Both,Red,0,0,0,0,0,0,0,0,0,0,0,0,0,0,0,#DIV/0!,,0,0,0,0,0,0,0,0,0,0,0,0
BRBL,Brewer's Blackbird,Euphagus cyanocephalus,Passerine,Federal,Yellow,0,0,2,0,0,1,2,0,0,2,4,0,0,0,11,54.55%,,0,0,0,0,2,8,0,1,0,0,0,0
BRBO,Brown Booby,Sula leucogaster,Pelagic,Federal,Accidental,0,0,0,0,0,0,0,0,0,0,0,0,0,0,0,#DIV/0!,,0,0,0,0,0,0,0,0,0,0,0,0
BRCR,Brown Creeper,Certhia americana,Small insectivore,Federal,Yellow,0,0,0,1,1,0,1,0,0,0,0,0,0,0,3,0.00%,,0,0,0,0,0,0,2,1,0,0,0,0
BRPE,Brown Pelican,Pelecanus occidentalis,Pelagic,Both,No status,0,0,0,0,0,0,0,0,0,0,0,0,0,0,0,#DIV/0!,,0,0,0,0,0,0,0,0,0,0,0,0
BTPI,Band-tailed Pigeon,Columba fasciata,Passerine,Both,Blue,0,0,0,0,0,0,2,0,0,0,0,0,0,0,2,0.00%,,0,0,0,0,0,1,0,1,0,0,0,0
BTYW,Black-throated Gray Warbler,Setohaga nigrescens,Small insectivore,Federal,Yellow,0,0,0,0,0,0,0,0,0,0,0,0,0,0,0,#DIV/0!,,0,0,0,0,0,0,0,0,0,0,0,0
BUFF,Bufflehead ,Bucephala albeola,Waterfowl,Federal,Yellow,0,0,0,0,0,0,0,0,0,2,0,0,0,0,2,100.00%,,1,0,0,0,0,0,0,0,0,0,0,1
BULS,Buller's Shearwater,Ardenna bulleri,Pelagic,Both,Blue,0,0,0,0,0,0,0,0,0,0,0,0,0,0,0,#DIV/0!,,0,0,0,0,0,0,0,0,0,0,0,0
BUOR,Bullock's Oriole,Icterus bullockii,Passerine,Federal,Yellow,0,0,0,0,0,1,0,0,0,0,0,0,0,0,1,0.00%,,0,0,0,0,0,0,1,0,0,0,0,0
BUSH,Bushtit,Psaltriparus minimus,Small insectivore,Federal,Yellow,0,0,0,3,1,0,10,1,0,0,0,0,0,0,15,0.00%,,1,0,0,6,1,4,2,0,0,0,0,1
BWTE,Blue-winged Teal,Anas discors,Waterfowl,Federal,Yellow,0,0,0,0,0,0,0,0,0,0,0,0,0,0,0,#DIV/0!,,0,0,0,0,0,0,0,0,0,0,0,0
CAAU,Cassin's Auklet,Ptychoramphus aleuticus,Pelagic,Both,Red,0,0,0,0,0,0,0,0,0,0,0,0,0,0,0,#DIV/0!,,0,0,0,0,0,0,0,0,0,0,0,0
CACG,Cackling Goose,Branta hutchinsii,Waterfowl,Federal,Yellow,0,0,0,0,0,0,0,0,0,0,0,0,0,0,0,#DIV/0!,,0,0,0,0,0,0,0,0,0,0,0,0
CAGO,Canada Goose,Branta canadensis,Waterfowl,Federal,Yellow,0,0,1,4,2,6,13,2,0,20,0,0,0,0,48,41.67%,,2,3,0,2,23,4,2,5,5,0,0,2
CAGU,California Gull,Larus californicus,Gull,Both,Blue,0,0,0,0,1,0,0,0,0,0,0,0,0,0,1,0.00%,,1,0,0,0,0,0,0,0,0,0,0,0
CAJA,Canada Jay,Perisoreus canadensis,Corvid,Federal,Yellow,0,0,0,0,0,0,0,0,0,0,0,0,0,0,0,#DIV/0!,,0,0,0,0,0,0,0,0,0,0,0,0
CAQU,California Quail,Callipepla californica,Gamebird,Provincial,Exotic,0,0,12,3,6,3,22,1,0,12,0,0,0,0,59,20.34%,,0,0,0,0,4,32,10,8,2,0,2,1
CATE,Caspian Tern,Sterna caspia,Gull,Both,Blue,0,0,0,0,0,0,0,0,0,0,0,0,0,0,0,#DIV/0!,,0,0,0,0,0,0,0,0,0,0,0,0
CAVI,Cassin's Vireo,Vireo cassinii,Small insectivore,Federal,Yellow,0,0,0,0,0,0,0,0,0,0,0,0,0,0,0,#DIV/0!,,0,0,0,0,0,0,0,0,0,0,0,0
CBCH,Chestnut-backed Chickadee,Parus rufescens,Small insectivore,Federal,Yellow,0,0,2,11,8,3,9,3,0,3,0,0,0,0,39,7.69%,,1,0,1,0,10,18,8,0,1,0,0,0
CEDW,Cedar Waxwing,Bombycilla cedrorum,Passerine,Federal,Yellow,0,0,0,4,2,5,3,1,0,2,0,0,0,0,17,11.76%,,0,0,0,0,0,3,3,4,3,2,2,0
CHSP,Chipping Sparrow,Spizella passerina,Passerine,Federal,Yellow,0,0,5,0,3,3,2,1,0,9,1,0,0,0,24,41.67%,,0,0,0,1,7,12,3,1,0,0,0,0
CHUK,Chukar,Alectoris chukar,Gamebird,Both,Exotic,0,0,0,0,0,0,0,0,0,0,0,0,0,0,0,#DIV/0!,,0,0,0,0,0,0,0,0,0,0,0,0
CLNU,Clark's Nutcracker,Nucifraga columbiana,Corvid,Federal,Yellow,0,0,0,0,0,0,0,0,0,0,0,0,0,0,0,#DIV/0!,,0,0,0,0,0,0,0,0,0,0,0,0
CLSW,Cliff Swallow,Petrochelidon pyrrhonota,Small insectivore,Federal,Yellow,0,0,0,0,0,0,0,0,0,1,0,0,0,0,1,100.00%,,0,0,0,0,0,0,1,0,0,0,0,0
COGO,Common Goldeneye,Bucephala clangula,Pelagic,Federal,Yellow,0,0,0,0,0,0,0,0,0,0,0,0,0,0,0,#DIV/0!,,0,0,0,0,0,0,0,0,0,0,0,0
COHA,Cooper's Hawk,Accipiter cooperii,Raptor,Provincial,Yellow,0,0,0,1,0,1,1,2,0,2,0,0,0,0,7,28.57%,,0,1,1,1,0,0,1,2,0,0,0,1
COLO,Common Loon,Gavia immer,Pelagic,Federal,Yellow,0,0,0,0,0,0,1,0,0,0,0,0,0,0,1,0.00%,,0,0,0,0,0,1,0,0,0,0,0,0
COME,Common Merganser,Mergus merganser,Pelagic,Federal,Yellow,0,0,0,0,1,0,0,0,0,0,0,0,0,0,1,0.00%,,0,0,0,0,0,1,0,0,0,0,0,0
COMU,Common Murre,Uria aalge,Pelagic,Both,Red,0,0,0,0,1,0,0,0,0,1,0,0,0,0,2,50.00%,,0,0,0,0,0,1,0,0,0,0,0,1
CONI,Common Nighthawk,Chordeiles minor,Small insectivore,Federal,Yellow,0,0,0,0,0,0,2,0,0,0,0,0,0,0,2,0.00%,,0,0,0,0,0,0,1,1,0,0,0,0
COPO,Common Poorwill,Phalaenoptilus nuttallii,Small insectivore,Federal,Yellow,0,0,0,0,0,0,0,0,0,0,0,0,0,0,0,#DIV/0!,,0,0,0,0,0,0,0,0,0,0,0,0
CORA,Common Raven,Corvus corax,Corvid,Both,Yellow,0,0,0,1,0,0,8,1,0,0,2,0,0,0,12,16.67%,,0,0,2,2,2,1,0,3,0,1,1,0
CORE,Common Redpoll,Carduelis flammea,Passerine,Federal,Yellow,0,0,0,0,0,0,0,0,0,0,0,0,0,0,0,#DIV/0!,,0,0,0,0,0,0,0,0,0,0,0,0
COTE,Common Tern,Sterna hirundo,Gull,Federal,Unknown,0,0,0,0,0,0,0,0,0,0,0,0,0,0,0,#DIV/0!,,0,0,0,0,0,0,0,0,0,0,0,0
COYE,Common Yellowthroat,Geothypis trichas,Small insectivore,Federal,Yellow,0,0,0,0,1,0,0,0,0,0,0,0,0,0,1,0.00%,,0,0,0,0,0,0,1,0,0,0,0,0
DCCO,Double-crested Cormorant,Phalacrocorax auritus,Pelagic,Both,Blue,0,0,0,0,0,0,0,0,0,0,0,0,0,0,0,#DIV/0!,,0,0,0,0,0,0,0,0,0,0,0,0
DOWO,Downy Woodpecker,Dryobates pubescens,Woodpecker,Federal,Yellow,0,0,2,0,3,0,3,2,0,1,0,0,0,0,11,9.09%,,0,0,0,0,1,7,1,1,0,0,1,0
DUGR,Dusky Grouse,Dendragapus obscurus,Gamebird,Provincial,Yellow,0,0,0,0,0,0,0,0,0,0,0,0,0,0,0,#DIV/0!,,0,0,0,0,0,0,0,0,0,0,0,0
DUNL,Dunlin,Calidris alpina,Shorebird,Federal,Yellow,0,0,0,0,0,0,0,0,0,0,0,0,0,0,0,#DIV/0!,,0,0,0,0,0,0,0,0,0,0,0,0
EAGR,Eared Grebe,Podiceps nigricollis,Pelagic,Both,Blue,0,0,0,0,0,0,0,0,0,0,0,0,0,0,0,#DIV/0!,,0,0,0,0,0,0,0,0,0,0,0,0
ECDO,Eurasian Collared-Dove,Streptopelia decaocto,Passerine,Both,Exotic,0,0,0,0,0,4,8,0,0,5,0,0,0,0,17,29.41%,,0,0,1,0,1,3,3,3,5,1,0,0
EUST,European Starling,Sturnus vulgaris,Passerine,Both,Exotic,0,0,0,4,3,6,12,3,0,21,0,0,0,0,49,42.86%,,0,1,0,0,20,21,4,1,1,0,1,0
EUWI,Eurasian Wigeon,Anas penelope,Waterfowl,Federal,No status,0,0,0,0,0,0,0,0,0,0,0,0,0,0,0,#DIV/0!,,0,0,0,0,0,0,0,0,0,0,0,0
EVGR,Evening Grosbeak,Coccothraustes vespertinus,Passerine,Federal,Yellow,0,0,0,0,0,0,0,0,0,0,0,0,0,0,0,#DIV/0!,,0,0,0,0,0,0,0,0,0,0,0,0
FFSH,Flesh-footed Shearwater,Puffinus carneipes,Pelagic,Both,Blue,0,0,0,0,0,0,0,0,0,0,0,0,0,0,0,#DIV/0!,,0,0,0,0,0,0,0,0,0,0,0,0
FOSP,Fox Sparrow,Passerella iliaca,Passerine,Federal,Yellow,0,0,2,4,5,2,6,3,0,7,0,0,0,0,29,24.14%,,0,3,1,1,0,0,0,0,8,7,7,2
FTSP,Fork-tailed Storm-Petrel,Oceanodroma furcata,Pelagic,Federal,Yellow,0,0,0,0,0,0,2,0,0,0,0,0,0,0,2,0.00%,,2,0,0,0,0,0,0,0,0,0,0,0
GADW,Gadwall,Anas strepera,Waterfowl,Federal,Yellow,0,0,0,0,0,0,0,0,0,0,0,0,0,0,0,#DIV/0!,,0,0,0,0,0,0,0,0,0,0,0,0
GBHE,Great Blue Heron fannini subspecies,Ardea herodias fannini,Heron,Both,Blue,0,0,1,1,0,6,4,1,0,2,0,0,0,0,15,13.33%,,0,0,0,1,0,4,3,5,1,0,0,1
GCKI,Golden-crowned Kinglet,Regulus satrapa,Small insectivore,Federal,Yellow,0,1,0,0,7,1,2,1,0,2,0,0,0,0,14,14.29%,,0,1,1,0,3,0,0,1,2,1,4,1
GCSP,Golden-crowned Sparrow,Zontrichia atricapilla,Passerine,Federal,Yellow,0,0,0,1,3,5,7,1,0,2,0,0,0,0,19,10.53%,,1,1,1,2,2,0,0,0,6,4,1,1
GHOW,Great Horned Owl,Bubo virginianus,Owl,Provincial,Yellow,0,0,0,2,0,2,1,2,0,0,1,0,0,0,8,12.50%,,0,0,0,1,1,1,0,1,2,2,0,0
GOEA,Golden Eagle,Aquila chrysaetos,Raptor,Provincial,Yellow,0,0,0,0,0,0,0,0,0,0,0,0,0,0,0,#DIV/0!,,0,0,0,0,0,0,0,0,0,0,0,0
GRHE,Green Heron,Butorides virescens,Heron,Both,Blue,0,0,0,0,0,0,0,0,0,0,0,0,0,0,0,#DIV/0!,,0,0,0,0,0,0,0,0,0,0,0,0
GRSC,Greater Scaup,Aythya marila,Pelagic,Federal,Yellow,0,0,0,0,1,0,0,0,0,0,0,0,0,0,1,0.00%,,0,1,0,0,0,0,0,0,0,0,0,0
GRYE,Greater Yellowlegs,Tringa melanoleuca,Shorebird,Federal,Yellow,0,0,0,0,0,0,0,0,0,0,0,0,0,0,0,#DIV/0!,,0,0,0,0,0,0,0,0,0,0,0,0
GULL,Larus sp.,Larus spp.,Gull,Federal,,0,0,2,2,5,24,46,13,0,57,0,0,0,0,149,38.26%,,8,8,10,8,5,6,10,59,13,3,11,8
GWFG,Greater White-fronted Goose,Anser albifrons,Waterfowl,Federal,Yellow,0,0,0,0,0,0,0,0,0,0,0,0,0,0,0,#DIV/0!,,0,0,0,0,0,0,0,0,0,0,0,0
GWGU,Glaucous-winged Gull,Larus glaucescens,Gull,Federal,Yellow,0,0,0,0,0,0,0,0,0,0,0,0,0,0,0,#DIV/0!,,0,0,0,0,0,0,0,0,0,0,0,0
GWTE,Green-winged Teal,Anas crecca,Waterfowl,Federal,Yellow,0,0,0,0,0,0,0,0,0,0,0,0,0,0,0,#DIV/0!,,0,0,0,0,0,0,0,0,0,0,0,0
GYRF,Gyrfalcon,Falco rusticolus,Raptor,Provincial,Blue,0,0,0,0,0,0,0,0,0,0,0,0,0,0,0,#DIV/0!,,0,0,0,0,0,0,0,0,0,0,0,0
HADU,Harlequin Duck,Histrionicus histrionicus,Pelagic,Federal,Yellow,0,0,0,0,0,0,0,0,0,0,0,0,0,0,0,#DIV/0!,,0,0,0,0,0,0,0,0,0,0,0,0
HAFL,Hammond's Flycatcher,Empidonax hammondii,Small insectivore,Federal,Yellow,0,0,0,0,0,1,1,0,0,0,0,0,0,0,2,0.00%,,0,0,0,0,0,0,0,0,1,1,0,0
HAWO,Hairy Woodpecker,Dryobates pubescens,Woodpecker,Federal,Yellow,0,0,1,0,1,0,1,0,0,1,0,0,0,0,4,25.00%,,0,0,0,0,0,0,1,0,1,0,2,0
HEEG,Heermann's Gull,Larus heermanni,Gull,Federal,Unknown,0,0,0,0,0,0,0,0,0,0,0,0,0,0,0,#DIV/0!,,0,0,0,0,0,0,0,0,0,0,0,0
HETH,Hermit Thrush,Catharus guttatus,Passerine,Federal,Yellow,0,0,0,1,2,1,4,1,0,2,0,0,0,0,11,18.18%,,0,0,0,0,0,0,0,0,6,3,1,1
HOFI,House Finch,Carpodacus mexicanus,Passerine,Federal,Yellow,0,0,0,10,3,6,8,2,0,8,0,0,0,0,37,21.62%,,2,1,0,5,2,4,5,6,4,2,4,2
HOGR,Horned Grebe,Podiceps auritus,Pelagic,Federal,Yellow,0,0,0,0,0,0,0,0,0,0,0,0,0,0,0,#DIV/0!,,0,0,0,0,0,0,0,0,0,0,0,0
HOME,Hooded Merganser,Lophodytes cucullatus,Pelagic,Federal,Yellow,0,0,0,0,0,1,0,0,0,0,0,0,0,0,1,0.00%,,0,0,0,0,1,0,0,0,0,0,0,0
HOSP,House Sparrow,Passer domesticus,Passerine,Both,Exotic,0,14,4,17,10,15,24,11,0,20,1,0,0,0,116,18.10%,,0,1,1,6,19,35,40,8,4,1,1,0
HOWR,House Wren,Troglodytes aedon,Small insectivore,Federal,Yellow,0,0,0,0,0,0,1,1,0,5,0,0,0,0,7,71.43%,,0,0,0,0,0,5,2,0,0,0,0,0
HUVI,Hutton's Vireo,Vireo huttoni,Small insectivore,Federal,Yellow,0,0,0,0,0,0,0,0,0,0,0,0,0,0,0,#DIV/0!,,0,0,0,0,0,0,0,0,0,0,0,0
ICGU,Iceland Gull,Larus glaucoides,Gull,Federal,Yellow,0,0,0,0,0,0,0,0,0,0,0,0,0,0,0,#DIV/0!,,0,0,0,0,0,0,0,0,0,0,0,0
KILL,Killdeer,Charadrius vociferus,Shorebird,Federal,Yellow,0,0,0,0,0,0,2,0,0,0,0,0,0,0,2,0.00%,,0,0,0,0,1,0,1,0,0,0,0,0
LEOW,Long-eared Owl,Asio otus,Owl,Provincial,Yellow,0,0,0,0,0,0,0,0,0,0,0,0,0,0,0,#DIV/0!,,0,0,0,0,0,0,0,0,0,0,0,0
LESA,Least Sandpiper,Calidris minutilla,Shorebird,Federal,Yellow,0,0,0,0,0,0,0,0,0,0,0,0,0,0,0,#DIV/0!,,0,0,0,0,0,0,0,0,0,0,0,0
LESC,Lesser Scaup,Aythya affinis,Pelagic,Federal,Yellow,0,0,0,0,0,1,0,0,0,1,0,0,0,0,2,50.00%,,0,1,0,0,0,0,0,0,0,0,0,1
LEYE,Lesser Yellowlegs,Tringa flavipes,Shorebird,Federal,Yellow,0,0,0,0,0,0,0,0,0,0,0,0,0,0,0,#DIV/0!,,0,0,0,0,0,0,0,0,0,0,0,0
LHSP,Leach's Storm-Petrel,Oceanodroma leucorhoa,Pelagic,Federal,Yellow,0,0,0,0,0,0,0,0,0,0,0,0,0,0,0,#DIV/0!,,0,0,0,0,0,0,0,0,0,0,0,0
LISP,Lincoln's Sparrow,Melospiza lincolnii,Passerine,Federal,Yellow,0,0,0,0,0,1,1,0,0,0,0,0,0,0,2,0.00%,,0,0,0,0,0,0,0,0,1,1,0,0
LSGO,Lesser Snow Goose,Anser caerulescens caerulescens,Waterfowl,Federal,Yellow,0,0,0,0,0,0,0,0,0,0,0,0,0,0,0,#DIV/0!,,0,0,0,0,0,0,0,0,0,0,0,0
LTDU,Long-tailed Duck,Clangula hyemalis,Pelagic,Both,Blue,0,0,0,0,0,0,0,0,0,0,0,0,0,0,0,#DIV/0!,,0,0,0,0,0,0,0,0,0,0,0,0
MALL,Mallard,Anas platyrhynchos,Waterfowl,Federal,Yellow,0,0,2,21,3,5,11,2,0,50,0,0,0,0,94,53.19%,,1,0,0,29,20,36,2,2,1,1,2,0
MAMU,Marbled Murrelet,Brachyramphus marmoratus,Pelagic,Both,Blue,0,0,0,0,0,0,0,0,0,0,0,0,0,0,0,#DIV/0!,,0,0,0,0,0,0,0,0,0,0,0,0
MASH,Manx's Shearwater,Puffinus puffinus,Pelagic,,,0,0,0,0,0,0,0,0,0,0,0,0,0,0,0,#DIV/0!,,0,0,0,0,0,0,0,0,0,0,0,0
MAWR,Marsh Wren,Cistothorus palustris,Small insectivore,Federal,Yellow,0,0,0,0,0,0,0,0,0,0,0,0,0,0,0,#DIV/0!,,0,0,0,0,0,0,0,0,0,0,0,0
MBDH,Mallard X American Black Duck Hybrid,,Waterfowl,Federal,Exotic,0,0,0,0,0,0,0,0,0,0,0,0,0,0,0,#DIV/0!,,0,0,0,0,0,0,0,0,0,0,0,0
MEGU,Mew Gull,Larus canus,Gull,Federal,Yellow,0,0,0,0,0,0,0,0,0,0,0,0,0,0,0,#DIV/0!,,0,0,0,0,0,0,0,0,0,0,0,0
MERL,Merlin,Falco culumbarius,Raptor,Provincial,Yellow,0,0,0,0,0,0,0,0,0,0,0,0,0,0,0,#DIV/0!,,0,0,0,0,0,0,0,0,0,0,0,0
MGWA,MacGillivray's Warbler,Geothlypis tolmiei,Small insectivore,Federal,Yellow,0,0,0,1,1,0,0,0,0,0,0,0,0,0,2,0.00%,,0,0,0,1,0,0,0,1,0,0,0,0
MODO,Mourning Dove,Zenaida macroura,Passerine,Federal,Yellow,0,0,0,0,0,0,0,1,0,0,0,0,0,0,1,0.00%,,0,0,1,0,0,0,0,0,0,0,0,0
MUSW,Mute Swan,Cygnus olor,Waterfowl,Federal,Yellow,0,0,0,0,0,0,0,0,0,0,0,0,0,0,0,#DIV/0!,,0,0,0,0,0,0,0,0,0,0,0,0
MYWA,Myrtle Warbler,Setophaga coronata coronata,Small insectivore,Federal,Yellow,0,0,0,0,0,0,0,0,0,0,0,0,0,0,0,#DIV/0!,,0,0,0,0,0,0,0,0,0,0,0,0
NOCR,Northwestern Crow,Corvus caurinus,Corvid,Both,Yellow,0,1,1,7,1,7,20,2,0,16,2,0,0,0,57,31.58%,,2,0,1,0,9,13,16,5,4,2,4,1
NOFL,Northern Flicker,Colaptes auratus,Woodpecker,Federal,Yellow,0,0,0,0,0,0,2,0,0,1,0,0,0,0,3,33.33%,,0,1,0,0,0,1,0,0,0,0,0,1
NOFU,Northern Fulmar,Fulmarus glacialis,Pelagic,Both,Red,0,0,0,0,0,0,0,0,0,0,0,0,0,0,0,#DIV/0!,,0,0,0,0,0,0,0,0,0,0,0,0
NOGO,Northern Goshawk,Accipiter gentilis,Raptor,Provincial,Blue,0,0,0,0,0,0,0,0,0,0,0,0,0,0,0,#DIV/0!,,0,0,0,0,0,0,0,0,0,0,0,0
NOHA,Northern Harrier,Circus cyaneus,Pelagic,Provincial,Yellow,0,0,0,0,0,0,0,0,0,0,0,0,0,0,0,#DIV/0!,,0,0,0,0,0,0,0,0,0,0,0,0
NOPI,Northern Pintail,Anas acuta,Waterfowl,Federal,Yellow,0,0,0,0,1,0,0,0,0,0,0,0,0,0,1,0.00%,,0,0,0,0,0,0,0,1,0,0,0,0
NOPO,Northern Pygmy-Owl,Glaucidium gnoma,Owl,Provincial,Blue,0,0,0,0,0,0,1,0,0,0,0,0,0,0,1,0.00%,,0,1,0,0,0,0,0,0,0,0,0,0
NOSH,Northern Shoveler,Anas clypeata,Waterfowl,Federal,Yellow,0,0,0,0,0,0,0,0,0,0,0,0,0,0,0,#DIV/0!,,0,0,0,0,0,0,0,0,0,0,0,0
NRWS,Northern Rough-winged Swallow,Stelgidopteryx serripennis,Small insectivore,Federal,Yellow,0,0,0,0,0,0,0,0,0,0,0,0,0,0,0,#DIV/0!,,0,0,0,0,0,0,0,0,0,0,0,0
NSHR,Northern Shrike,Lanius excubitor,Passerine,Federal,Yellow,0,0,0,0,0,0,0,0,0,0,0,0,0,0,0,#DIV/0!,,0,0,0,0,0,0,0,0,0,0,0,0
NSWO,Northern Saw-whet Owl,Aegolius acadicus,Owl,Provincial,Yellow,0,0,1,0,0,2,0,0,0,3,0,0,0,0,6,50.00%,,0,0,0,0,0,0,0,0,0,4,1,1
OCWA,Orange-crowned Warbler,Leiothlypis celata,Small insectivore,Federal,Yellow,0,0,1,4,3,1,5,0,0,6,0,0,0,0,20,30.00%,,0,0,0,5,2,4,2,5,2,0,0,0
ORJU,Oregon Junco,Junco hyemalis oreganus,Passerine,Federal,Yellow,0,0,8,14,8,6,15,6,0,22,1,0,0,0,80,28.75%,,5,3,2,6,11,11,13,7,2,11,4,5
OSFL,Olive-sided Flycatcher,Contopus cooperi,Small insectivore,Both,Blue,0,0,0,0,0,0,1,0,0,0,0,0,0,0,1,0.00%,,0,0,0,0,0,0,0,0,1,0,0,0
OSPR,Osprey,Pandion haliaetus,Raptor,Provincial,Yellow,0,0,0,0,0,0,0,1,0,0,0,0,0,0,1,0.00%,,0,0,0,0,0,1,0,0,0,0,0,0
PAGP,Pacific Golden-Plover,Pluvialis fulva,Shorebird,Federal,No status,0,0,0,0,0,0,0,0,0,0,0,0,0,0,0,#DIV/0!,,0,0,0,0,0,0,0,0,0,0,0,0
PALO,Pacific Loon,Gavia pacifica,Pelagic,Federal,Yellow,0,0,0,0,0,0,0,0,0,0,0,0,0,0,0,#DIV/0!,,0,0,0,0,0,0,0,0,0,0,0,0
PAWA,Palm Warbler,Setophaga palmarum,Small insectivore,Federal,Yellow,0,0,0,0,0,0,0,0,0,0,0,0,0,0,0,#DIV/0!,,0,0,0,0,0,0,0,0,0,0,0,0
PAWR,Pacific Wren,Troglodytes troglodytes,Small insectivore,Federal,Yellow,0,0,0,2,3,0,2,0,0,1,0,0,0,0,8,12.50%,,1,0,0,0,0,0,1,1,2,1,2,0
PBGR,Pied-billed Grebe,Podilymbus podiceps,Pelagic,Federal,Yellow,0,0,0,0,0,0,0,0,0,0,0,0,0,0,0,#DIV/0!,,0,0,0,0,0,0,0,0,0,0,0,0
PECO,Pelagic Cormorant,Phalacrocorax pelagicus,Pelagic,Both,Yellow,0,0,0,0,0,0,0,0,0,0,0,0,0,0,0,#DIV/0!,,0,0,0,0,0,0,0,0,0,0,0,0
PEFA,Peregrine Falcon,Falco peregrinus,Raptor,Provincial,Red,0,0,0,1,0,0,1,1,0,0,0,0,0,0,3,0.00%,,1,0,0,0,0,1,0,0,0,1,0,0
PFSH,Pink-footed Shearwater,Puffinus creatopus,Pelagic,Both,Blue,0,0,0,0,0,0,0,0,0,0,0,0,0,0,0,#DIV/0!,,0,0,0,0,0,0,0,0,0,0,0,0
PIGR,Pine Grosbeak,Pinicola enucleator,Passerine,Both,Blue,0,0,0,0,0,0,0,0,0,0,0,0,0,0,0,#DIV/0!,,0,0,0,0,0,0,0,0,0,0,0,0
PIGU,Pigeon Guillemot,Cepphus columba,Pelagic,Federal,Yellow,0,0,0,0,0,0,0,0,0,0,0,0,0,0,0,#DIV/0!,,0,0,0,0,0,0,0,0,0,0,0,0
PISI,Pine Siskin,Carduelis pinus,Passerine,Federal,Yellow,0,0,3,6,11,5,9,7,0,5,0,0,0,0,46,10.87%,,0,1,0,4,5,5,1,9,3,3,3,12
PIWO,Pileated Woodpecker,Dryocopus pileatus,Woodpecker,Federal,Yellow,0,0,0,0,1,1,0,0,0,0,0,0,0,0,2,0.00%,,0,0,0,0,0,0,1,0,0,1,0,0
PSFL,Pacific-slope Flycatcher,Empidonax difficilis,Small insectivore,Federal,Yellow,0,0,0,0,1,1,2,0,0,3,2,0,0,0,9,55.56%,,0,0,0,0,1,2,1,4,1,0,0,0
PSWS,Puget Sound White-crowned Sparrow,Zonotrichia leucophrys pugetensis,Passerine,Federal,Yellow,0,0,0,0,1,1,2,0,0,0,0,0,0,0,4,0.00%,,0,0,0,0,1,1,0,0,2,0,0,0
PUFI,Purple Finch,Carpodacus purpureus,Passerine,Federal,Yellow,0,0,0,0,3,4,4,1,0,6,0,0,0,0,18,33.33%,,1,0,0,0,0,2,3,4,5,0,0,3
PUMA,Purple Martin,Progne subis,Small insectivore,Both,Blue,0,0,1,0,0,0,0,0,0,1,0,0,0,0,2,50.00%,,0,0,0,0,0,0,0,2,0,0,0,0
RBGU,Ring-billed Gull,Larus delawarensis,Gull,Federal,Yellow,0,0,0,0,0,0,0,0,0,0,0,0,0,0,0,#DIV/0!,,0,0,0,0,0,0,0,0,0,0,0,0
RBME,Red-breasted Merganser,Mergus serrator,Pelagic,Federal,Yellow,0,0,0,0,0,0,0,0,0,1,0,0,0,0,1,100.00%,,0,1,0,0,0,0,0,0,0,0,0,0
RBNU,Red-breasted Nuthatch,Sitta canadensis,Small insectivore,Federal,Yellow,0,0,0,2,1,1,0,0,0,4,0,0,0,0,8,50.00%,,0,0,0,0,1,1,4,2,0,0,0,0
RBSA,Red-breasted Sapsucker,Sphyrapicus ruber,Woodpecker,Federal,Yellow,0,0,2,1,1,2,7,1,0,0,0,0,0,0,14,0.00%,,2,0,0,1,2,4,2,0,1,1,1,0
RCKI,Ruby-crowned Kinglet,Regulus calendula,Small insectivore,Federal,Yellow,0,0,1,0,0,0,0,0,0,0,0,0,0,0,1,0.00%,,0,0,0,0,0,0,0,0,0,0,1,0
RECR,Red Crossbill,Loxia curvirostra,Passerine,Federal,Yellow,0,0,0,2,3,0,2,0,0,2,0,0,0,0,9,22.22%,,0,0,0,0,0,0,0,3,2,2,1,1
REPH,Red Phalarope,Phalaropus fulicarius,Shorebird,,,0,0,0,0,0,0,0,0,0,0,0,0,0,0,0,#DIV/0!,,0,0,0,0,0,0,0,0,0,0,0,0
RHAU,Rhinoceros Auklet,Cerorhinca monocerata,Pelagic,Federal,Yellow,0,0,0,0,0,0,0,0,0,0,0,0,0,0,0,#DIV/0!,,0,0,0,0,0,0,0,0,0,0,0,0
RNDU,Ring-necked Duck,Aythya collaris,Waterfowl,Federal,Yellow,0,0,0,0,0,0,0,0,0,0,0,0,0,0,0,#DIV/0!,,0,0,0,0,0,0,0,0,0,0,0,0
RNEP,Ring-necked Pheasant,Phasianus colchicus,Gamebird,Provincial,Exotic,0,0,0,0,0,0,0,0,0,0,0,0,0,0,0,#DIV/0!,,0,0,0,0,0,0,0,0,0,0,0,0
RNGR,Red-necked Grebe,Podiceps grisegena,Pelagic,Federal,Yellow,0,0,0,0,0,0,0,0,0,0,0,0,0,0,0,#DIV/0!,,0,0,0,0,0,0,0,0,0,0,0,0
RNPL,Red-necked Phalarope,Phalaropus lobatus,Shorebird,Both,Blue,0,0,0,0,0,0,0,0,0,0,0,0,0,0,0,#DIV/0!,,0,0,0,0,0,0,0,0,0,0,0,0
ROPI,Rock Pigeon,Columba livia,Passerine,Both,Exotic,0,1,0,0,1,8,18,8,0,21,1,0,0,0,58,37.93%,,5,4,2,1,4,3,13,3,6,8,6,3
RSFL,Red-shafted Flicker,Colaptes auratus cafer,Woodpecker,Federal,Yellow,0,0,1,1,2,2,16,5,0,5,0,0,0,0,32,15.63%,,0,0,1,0,2,7,13,4,0,4,1,0
RTHA,Red-tailed Hawk,Buteo jamaicensis,Raptor,Provincial,Yellow,0,0,0,1,0,2,2,2,0,3,0,0,0,0,10,30.00%,,2,1,0,1,0,0,1,0,0,2,1,2
RTLO,Red-throated Loon,Gavia stellata,Pelagic,Federal,Yellow,0,0,0,0,1,0,0,0,0,1,0,0,0,0,2,50.00%,,0,0,0,1,0,0,0,0,0,0,1,0
RUGR,Ruffed Grouse,Bonasa umbellus,Gamebird,Provincial,Yellow,0,0,0,0,1,0,0,0,0,0,0,0,0,0,1,0.00%,,0,0,0,0,0,0,0,0,0,0,1,0
RUHU,Rufous Hummingbird,Selasphorus rufus,Hummingbird,Federal,Yellow,0,0,3,2,6,8,4,2,0,4,0,0,0,0,29,13.79%,,0,0,0,3,5,13,5,3,0,0,0,0
RWBL,Red-winged Blackbird,Agelaius phoeniceus,Passerine,Federal,Yellow,0,0,0,0,0,0,0,0,0,0,0,0,0,0,0,#DIV/0!,,0,0,0,0,0,0,0,0,0,0,0,0
SAND,Sanderling,Calidris alba,Shorebird,Federal,Yellow,0,0,0,0,0,0,0,0,0,0,0,0,0,0,0,#DIV/0!,,0,0,0,0,0,0,0,0,0,0,0,0
SAVS,Savannah Sparrow,Passerculus sandwichensis,Passerine,Federal,Yellow,0,0,0,2,1,1,1,0,0,1,0,0,0,0,6,16.67%,,0,0,0,0,0,0,0,1,3,2,0,0
SEOW,Short-eared Owl,Asio flammeus,Owl,Provincial,Blue,0,0,0,0,0,0,0,0,0,0,0,0,0,0,0,#DIV/0!,,0,0,0,0,0,0,0,0,0,0,0,0
SHOS,Short-tailed Shearwater,Puffinus tenuirostris,Pelagic,Federal,Unknown,0,0,0,0,0,0,0,0,0,0,0,0,0,0,0,#DIV/0!,,0,0,0,0,0,0,0,0,0,0,0,0
SOGR,Sooty Grouse,Dendragapus fuliginosus,Gamebird,Provincial,Yellow,0,0,0,0,0,0,0,0,0,0,0,0,0,0,0,#DIV/0!,,0,0,0,0,0,0,0,0,0,0,0,0
SORA,Sora,Porzana carolina,Shorebird,Federal,Yellow,0,0,0,0,0,0,0,0,0,1,0,0,0,0,1,100.00%,,0,0,0,0,0,0,0,0,1,0,0,0
SOSH,Sooty Shearwater,Puffinus griseus,Pelagic,Federal,No status,0,0,0,0,0,0,0,0,0,0,0,0,0,0,0,#DIV/0!,,0,0,0,0,0,0,0,0,0,0,0,0
SOSP,Song Sparrow,Melospiza melodia,Passerine,Federal,Yellow,0,0,1,1,2,1,2,1,0,1,0,0,0,0,9,11.11%,,2,0,1,0,0,1,0,2,1,1,1,0
SPSA,Spotted Sandpiper,Actitis macularius,Shorebird,Federal,Yellow,0,0,0,0,0,0,0,1,0,0,0,0,0,0,1,0.00%,,0,0,0,0,0,1,0,0,0,0,0,0
SPTO,Spotted Towhee,Pipilo maculatus,Passerine,Federal,Yellow,0,0,0,6,4,2,18,1,0,7,0,0,0,0,38,18.42%,,0,0,7,0,4,7,9,2,1,3,2,3
SSHA,Sharp-shinned Hawk,Accipiter striatus,Raptor,Provincial,Yellow,0,0,1,0,1,0,2,0,0,2,0,0,0,0,6,33.33%,,0,1,1,0,0,0,0,0,0,1,2,1
STJA,Steller's Jay,Cyanocitta stelleri,Corvid,Both,Yellow,0,0,0,0,0,3,3,3,0,0,0,0,0,0,9,0.00%,,0,0,0,1,0,1,1,0,4,1,1,0
SURF,Surfbird,Aphriza virgata,Shorebird,Federal,Yellow,0,0,0,0,0,0,0,0,0,0,0,0,0,0,0,#DIV/0!,,0,0,0,0,0,0,0,0,0,0,0,0
SUSC,Surf Scoter,Melanitta perspicillata,Pelagic,Both,Blue,0,0,0,0,0,0,1,0,0,0,0,0,0,0,1,0.00%,,0,0,0,0,0,0,0,0,0,1,0,0
SWSP,Swamp Sparrow,Melospiza georgiana,Passerine,Federal,Yellow,0,0,0,0,0,0,0,0,0,0,0,0,0,0,0,#DIV/0!,,0,0,0,0,0,0,0,0,0,0,0,0
SWTH,Swainson's Thrush,Catharus ustulatus,Passerine,Federal,Yellow,0,0,0,0,1,2,5,0,0,2,0,0,0,0,10,20.00%,,0,0,0,0,0,1,2,3,4,0,0,0
TOSO,Townsend's Solitaire,Myadestes townsendi,Passerine,Federal,Yellow,0,0,0,0,0,0,0,0,0,0,0,0,0,0,0,#DIV/0!,,0,0,0,0,0,0,0,0,0,0,0,0
TOWA,Townsend's Warbler,Setophaga townsendi,Small insectivore,Federal,Yellow,0,0,0,0,0,0,0,0,0,1,1,0,0,0,2,100.00%,,0,0,0,0,0,1,1,0,0,0,0,0
TRES,Tree Swallow,Tachycineta bicolor,Small insectivore,Federal,Yellow,0,0,0,0,0,0,1,0,0,0,0,0,0,0,1,0.00%,,0,0,0,0,0,1,0,0,0,0,0,0
TRUS,Trumpeter Swan,Cygnus buccinator,Waterfowl,Federal,Yellow,0,0,0,0,1,0,0,0,0,0,0,0,0,0,1,0.00%,,0,0,0,0,0,0,0,0,0,0,1,0
TUVU,Turkey Vulture,Cathartes aura,Raptor,Provincial,Yellow,0,0,1,1,0,0,1,0,0,2,0,0,0,0,5,40.00%,,0,0,0,0,1,0,0,3,0,0,1,0
UYRW,Unknown Yellow-rumped Warbler,,Small insectivore,Federal,Yellow,0,0,0,0,0,0,0,0,0,0,0,0,0,0,0,#DIV/0!,,0,0,0,0,0,0,0,0,0,0,0,0
VASW,Vaux's Swift,Chaetura vauxi,Small insectivore,Federal,Yellow,0,0,0,0,0,0,0,0,0,0,0,0,0,0,0,#DIV/0!,,0,0,0,0,0,0,0,0,0,0,0,0
VATH,Varied Thrush,Ixoreus naevius,Passerine,Federal,Yellow,0,0,0,2,1,2,8,5,0,6,0,0,0,0,24,25.00%,,6,2,1,1,1,0,0,0,0,6,4,3
VGSW,Violet-green Swallow,Tachycineta thalassina,Small insectivore,Federal,Yellow,0,0,1,4,3,3,1,3,0,14,0,0,0,0,29,48.28%,,0,0,0,1,2,6,20,0,0,0,0,0
VIRA,Virginia Rail,Rallus limicola,Shorebird,Federal,Yellow,0,0,0,0,0,0,0,0,0,1,0,0,0,0,1,100.00%,,0,0,0,0,0,0,0,0,1,0,0,0
WAVI,Warbling Vireo,Vireo gilvus,Small insectivore,Federal,Yellow,0,0,0,0,0,0,0,1,0,1,0,0,0,0,2,50.00%,,0,0,0,0,0,1,0,0,1,0,0,0
WEBL,Western Bluebird,Sialia mexicana,Passerine,Both,Red,0,0,0,0,0,0,0,0,0,0,0,0,0,0,0,#DIV/0!,,0,0,0,0,0,0,0,0,0,0,0,0
WEGR,Western Grebe,Aechmophorus occidentalis,Pelagic,Both,Red,0,0,0,0,0,0,0,0,0,0,0,0,0,0,0,#DIV/0!,,0,0,0,0,0,0,0,0,0,0,0,0
WEME,Western Meadowlark,Sturnella neglecta,Passerine,Both,Red,0,0,0,0,0,0,0,0,0,0,0,0,0,0,0,#DIV/0!,,0,0,0,0,0,0,0,0,0,0,0,0
WESA,Western Sandpiper,Calidris mauri,Shorebird,Federal,Yellow,0,0,0,0,0,0,0,0,0,0,0,0,0,0,0,#DIV/0!,,0,0,0,0,0,0,0,0,0,0,0,0
WESO,Western Screech-Owl,Otus kennicottii,Owl,Provincial,Blue,0,0,0,0,0,0,0,0,0,0,0,0,0,0,0,#DIV/0!,,0,0,0,0,0,0,0,0,0,0,0,0
WETA,Western Tanager,Piranga ludoviciana,Passerine,Federal,Yellow,0,0,0,1,0,0,2,0,0,0,0,0,0,0,3,0.00%,,0,0,0,0,0,0,0,1,2,0,0,0
WHSW,Whistling Swan,Cygnus columbianus,Waterfowl,Both,Blue,0,0,0,0,0,0,0,0,0,0,0,0,0,0,0,#DIV/0!,,0,0,0,0,0,0,0,0,0,0,0,0
WIFL,Willow Flycatcher,Empidonax traillii,Small insectivore,Federal,Yellow,0,0,0,0,0,0,0,0,0,0,0,0,0,0,0,#DIV/0!,,0,0,0,0,0,0,0,0,0,0,0,0
WISN,Wilson's Snipe,Gallinago delicata,Shorebird,Federal,Yellow,0,0,0,0,0,0,0,1,0,1,0,0,0,0,2,50.00%,,0,0,0,0,0,0,0,0,1,1,0,0
WIWA,Wilson's Warbler,Cardellina pusilla,Small insectivore,Federal,Yellow,0,0,0,0,1,0,0,0,0,2,0,0,0,0,3,66.67%,,0,0,0,0,0,0,0,2,1,0,0,0
WODU,Wood Duck,Aix sponsa,Waterfowl,Federal,Yellow,0,0,2,0,2,3,0,0,0,2,0,0,0,0,9,22.22%,,0,0,0,0,0,9,0,0,0,0,0,0
WTSP,White-throated Sparrow,Zonotrichia albicollis,Passerine,Federal,Yellow,0,0,0,0,0,0,0,0,0,0,0,0,0,0,0,#DIV/0!,,0,0,0,0,0,0,0,0,0,0,0,0
WWSC,White-winged Scoter,Melanitta deglandi,Pelagic,Federal,Yellow,0,0,0,0,0,0,0,0,0,0,0,0,0,0,0,#DIV/0!,,0,0,0,0,0,0,0,0,0,0,0,0
YBLO,Yellow-billed Loon,Gavia adamsii,Pelagic,Both,Blue,0,0,0,0,0,0,0,0,0,0,0,0,0,0,0,#DIV/0!,,0,0,0,0,0,0,0,0,0,0,0,0
YEWA,Yellow Warbler,Setopaga petechia,Small insectivore,Federal,Yellow,0,0,0,0,0,0,0,0,0,1,0,0,0,0,1,100.00%,,0,0,0,0,0,0,0,1,0,0,0,0
YSFL,Yellow-shafted Flicker,Colaptes auratus auratus,Woodpecker,Federal,Yellow,0,0,0,0,0,0,0,0,0,0,0,0,0,0,0,#DIV/0!,,0,0,0,0,0,0,0,0,0,0,0,0